Workbook
Name StatusList: 설정!$A$4:$A$6
Name PriorityList: 설정!$B$4:$B$6
Name MemberList: 설정!$C$4:$C$13

Sheet 사용법
B2: 🗂 PM 업무관리 대시보드 — 사용법
B3: To Do / Doing / Done 칸반 방식으로 업무를 관리하는 PM용 일정관리 툴입니다.
B5: ■ 시트 구성
B6: 📊 대시보드 : 전체 현황 요약 — 자동 계산되므로 직접 입력하지 않습니다.
B7: 🗂 칸반보드 : To Do / Doing / Done 보드 — 자동 갱신되므로 직접 입력하지 않습니다.
B8: ✏️ 업무목록 : ★ 실제로 입력하는 시트입니다. 업무 추가/수정은 모두 여기서 하세요.
B9: ⚙️ 설정 : 담당자 드롭다운 목록을 관리합니다.
B11: ■ 업무 추가하기 (업무목록 시트)
B12: 1) 비어 있는 행에 '업무명'부터 입력하세요.
B13: 2) 담당자 / 우선순위 / 상태는 셀을 클릭하면 나오는 드롭다운(▼)에서 선택하세요.
B14: 3) 시작일 / 마감일은 날짜로 입력하세요. 예: 2026-07-10
B15: 4) 진행률은 0~100 사이 숫자로 입력하세요.
... B35: · 처음에 들어 있는 예시 업무 12건은 자유롭게 지우고 사용하세요.

Sheet 대시보드
B1: 📊 PM 업무 대시보드 | K1: 기준일 | L1: =TODAY()
B3: 전체 업무 | D3: To Do | F3: Doing | H3: Done | J3: 완료율 | L3: 지연 업무
B4: =COUNTIF(업무목록!$B$2:$B$201,"<>") | D4: =COUNTIF(업무목록!$F$2:$F$201,"To Do") | F4: =COUNTIF(업무목록!$F$2:$F$201,"Doing") | H4: =COUNTIF(업무목록!$F$2:$F$201,"Done") | J4: =IFERROR(COUNTIF(업무목록!$F$2:$F$201,"Done")/COUNTIF(업무목록!$B$2:$B$201,"<>"),0) | L4: =COUNTIFS(업무목록!$B$2:$B$201,"<>",업무목록!$F$2:$F$201,"<>Done",업무목록!$H$2:$H$201,"<"&TODAY())
B7: 상태별 현황 | E7: 우선순위별 현황 | H7: 담당자별 현황
B8: 상태 | C8: 건수 | E8: 우선순위 | F8: 건수 | H8: 담당자 | I8: To Do | J8: Doing | K8: Done | L8: 합계 | M8: 완료율
B9: To Do | C9: =COUNTIF(업무목록!$F$2:$F$201,$B9) | E9: 높음 | F9: =COUNTIF(업무목록!$E$2:$E$201,$E9) | H9: =IF(설정!$C4="","",설정!$C4) | I9: =IF($H9="","",COUNTIFS(업무목록!$D$2:$D$201,$H9,업무목록!$F$2:$F$201,"To Do")) | J9: =IF($H9="","",COUNTIFS(업무목록!$D$2:$D$201,$H9,업무목록!$F$2:$F$201,"Doing")) | K9: =IF($H9="","",COUNTIFS(업무목록!$D$2:$D$201,$H9,업무목록!$F$2:$F$201,"Done")) | L9: =IF($H9="","",$I9+$J9+$K9) | M9: =IF($H9="","",IF($L9=0,"—",$K9/$L9))
B10: Doing | C10: =COUNTIF(업무목록!$F$2:$F$201,$B10) | E10: 중간 | F10: =COUNTIF(업무목록!$E$2:$E$201,$E10) | H10: =IF(설정!$C5="","",설정!$C5) | I10: =IF($H10="","",COUNTIFS(업무목록!$D$2:$D$201,$H10,업무목록!$F$2:$F$201,"To Do")) | J10: =IF($H10="","",COUNTIFS(업무목록!$D$2:$D$201,$H10,업무목록!$F$2:$F$201,"Doing")) | K10: =IF($H10="","",COUNTIFS(업무목록!$D$2:$D$201,$H10,업무목록!$F$2:$F$201,"Done")) | L10: =IF($H10="","",$I10+$J10+$K10) | M10: =IF($H10="","",IF($L10=0,"—",$K10/$L10))
B11: Done | C11: =COUNTIF(업무목록!$F$2:$F$201,$B11) | E11: 낮음 | F11: =COUNTIF(업무목록!$E$2:$E$201,$E11) | H11: =IF(설정!$C6="","",설정!$C6) | I11: =IF($H11="","",COUNTIFS(업무목록!$D$2:$D$201,$H11,업무목록!$F$2:$F$201,"To Do")) | J11: =IF($H11="","",COUNTIFS(업무목록!$D$2:$D$201,$H11,업무목록!$F$2:$F$201,"Doing")) | K11: =IF($H11="","",COUNTIFS(업무목록!$D$2:$D$201,$H11,업무목록!$F$2:$F$201,"Done")) | L11: =IF($H11="","",$I11+$J11+$K11) | M11: =IF($H11="","",IF($L11=0,"—",$K11/$L11))
H12: =IF(설정!$C7="","",설정!$C7) | I12: =IF($H12="","",COUNTIFS(업무목록!$D$2:$D$201,$H12,업무목록!$F$2:$F$201,"To Do")) | J12: =IF($H12="","",COUNTIFS(업무목록!$D$2:$D$201,$H12,업무목록!$F$2:$F$201,"Doing")) | K12: =IF($H12="","",COUNTIFS(업무목록!$D$2:$D$201,$H12,업무목록!$F$2:$F$201,"Done")) | L12: =IF($H12="","",$I12+$J12+$K12) | M12: =IF($H12="","",IF($L12=0,"—",$K12/$L12))
H13: =IF(설정!$C8="","",설정!$C8) | I13: =IF($H13="","",COUNTIFS(업무목록!$D$2:$D$201,$H13,업무목록!$F$2:$F$201,"To Do")) | J13: =IF($H13="","",COUNTIFS(업무목록!$D$2:$D$201,$H13,업무목록!$F$2:$F$201,"Doing")) | K13: =IF($H13="","",COUNTIFS(업무목록!$D$2:$D$201,$H13,업무목록!$F$2:$F$201,"Done")) | L13: =IF($H13="","",$I13+$J13+$K13) | M13: =IF($H13="","",IF($L13=0,"—",$K13/$L13))
H14: =IF(설정!$C9="","",설정!$C9) | I14: =IF($H14="","",COUNTIFS(업무목록!$D$2:$D$201,$H14,업무목록!$F$2:$F$201,"To Do")) | J14: =IF($H14="","",COUNTIFS(업무목록!$D$2:$D$201,$H14,업무목록!$F$2:$F$201,"Doing")) | K14: =IF($H14="","",COUNTIFS(업무목록!$D$2:$D$201,$H14,업무목록!$F$2:$F$201,"Done")) | L14: =IF($H14="","",$I14+$J14+$K14) | M14: =IF($H14="","",IF($L14=0,"—",$K14/$L14))
H15: =IF(설정!$C10="","",설정!$C10) | I15: =IF($H15="","",COUNTIFS(업무목록!$D$2:$D$201,$H15,업무목록!$F$2:$F$201,"To Do")) | J15: =IF($H15="","",COUNTIFS(업무목록!$D$2:$D$201,$H15,업무목록!$F$2:$F$201,"Doing")) | K15: =IF($H15="","",COUNTIFS(업무목록!$D$2:$D$201,$H15,업무목록!$F$2:$F$201,"Done")) | L15: =IF($H15="","",$I15+$J15+$K15) | M15: =IF($H15="","",IF($L15=0,"—",$K15/$L15))
H16: =IF(설정!$C11="","",설정!$C11) | I16: =IF($H16="","",COUNTIFS(업무목록!$D$2:$D$201,$H16,업무목록!$F$2:$F$201,"To Do")) | J16: =IF($H16="","",COUNTIFS(업무목록!$D$2:$D$201,$H16,업무목록!$F$2:$F$201,"Doing")) | K16: =IF($H16="","",COUNTIFS(업무목록!$D$2:$D$201,$H16,업무목록!$F$2:$F$201,"Done")) | L16: =IF($H16="","",$I16+$J16+$K16) | M16: =IF($H16="","",IF($L16=0,"—",$K16/$L16))
H17: =IF(설정!$C12="","",설정!$C12) | I17: =IF($H17="","",COUNTIFS(업무목록!$D$2:$D$201,$H17,업무목록!$F$2:$F$201,"To Do")) | J17: =IF($H17="","",COUNTIFS(업무목록!$D$2:$D$201,$H17,업무목록!$F$2:$F$201,"Doing")) | K17: =IF($H17="","",COUNTIFS(업무목록!$D$2:$D$201,$H17,업무목록!$F$2:$F$201,"Done")) | L17: =IF($H17="","",$I17+$J17+$K17) | M17: =IF($H17="","",IF($L17=0,"—",$K17/$L17))
H18: =IF(설정!$C13="","",설정!$C13) | I18: =IF($H18="","",COUNTIFS(업무목록!$D$2:$D$201,$H18,업무목록!$F$2:$F$201,"To Do")) | J18: =IF($H18="","",COUNTIFS(업무목록!$D$2:$D$201,$H18,업무목록!$F$2:$F$201,"Doing")) | K18: =IF($H18="","",COUNTIFS(업무목록!$D$2:$D$201,$H18,업무목록!$F$2:$F$201,"Done")) | L18: =IF($H18="","",$I18+$J18+$K18) | M18: =IF($H18="","",IF($L18=0,"—",$K18/$L18))

Sheet 칸반보드
B2: 🗂 칸반 보드
B3: 업무목록 시트에서 상태를 바꾸면 자동으로 갱신됩니다. (열별 최대 30개 표시 · 🔺 우선순위 높음 · ⚠ 마감 지연)
B4: ="To Do ("&COUNTIF(업무목록!$F$2:$F$201,"To Do")&"건)" | D4: ="Doing ("&COUNTIF(업무목록!$F$2:$F$201,"Doing")&"건)" | F4: ="Done ("&COUNTIF(업무목록!$F$2:$F$201,"Done")&"건)"
B5: =IFERROR(INDEX(업무목록!$O$2:$O$201,MATCH(ROW()-4,업무목록!$L$2:$L$201,0)),"") | D5: =IFERROR(INDEX(업무목록!$O$2:$O$201,MATCH(ROW()-4,업무목록!$M$2:$M$201,0)),"") | F5: =IFERROR(INDEX(업무목록!$O$2:$O$201,MATCH(ROW()-4,업무목록!$N$2:$N$201,0)),"")
B6: =IFERROR(INDEX(업무목록!$O$2:$O$201,MATCH(ROW()-4,업무목록!$L$2:$L$201,0)),"") | D6: =IFERROR(INDEX(업무목록!$O$2:$O$201,MATCH(ROW()-4,업무목록!$M$2:$M$201,0)),"") | F6: =IFERROR(INDEX(업무목록!$O$2:$O$201,MATCH(ROW()-4,업무목록!$N$2:$N$201,0)),"")
B7: =IFERROR(INDEX(업무목록!$O$2:$O$201,MATCH(ROW()-4,업무목록!$L$2:$L$201,0)),"") | D7: =IFERROR(INDEX(업무목록!$O$2:$O$201,MATCH(ROW()-4,업무목록!$M$2:$M$201,0)),"") | F7: =IFERROR(INDEX(업무목록!$O$2:$O$201,MATCH(ROW()-4,업무목록!$N$2:$N$201,0)),"")
B8: =IFERROR(INDEX(업무목록!$O$2:$O$201,MATCH(ROW()-4,업무목록!$L$2:$L$201,0)),"") | D8: =IFERROR(INDEX(업무목록!$O$2:$O$201,MATCH(ROW()-4,업무목록!$M$2:$M$201,0)),"") | F8: =IFERROR(INDEX(업무목록!$O$2:$O$201,MATCH(ROW()-4,업무목록!$N$2:$N$201,0)),"")
B9: =IFERROR(INDEX(업무목록!$O$2:$O$201,MATCH(ROW()-4,업무목록!$L$2:$L$201,0)),"") | D9: =IFERROR(INDEX(업무목록!$O$2:$O$201,MATCH(ROW()-4,업무목록!$M$2:$M$201,0)),"") | F9: =IFERROR(INDEX(업무목록!$O$2:$O$201,MATCH(ROW()-4,업무목록!$N$2:$N$201,0)),"")
B10: =IFERROR(INDEX(업무목록!$O$2:$O$201,MATCH(ROW()-4,업무목록!$L$2:$L$201,0)),"") | D10: =IFERROR(INDEX(업무목록!$O$2:$O$201,MATCH(ROW()-4,업무목록!$M$2:$M$201,0)),"") | F10: =IFERROR(INDEX(업무목록!$O$2:$O$201,MATCH(ROW()-4,업무목록!$N$2:$N$201,0)),"")
B11: =IFERROR(INDEX(업무목록!$O$2:$O$201,MATCH(ROW()-4,업무목록!$L$2:$L$201,0)),"") | D11: =IFERROR(INDEX(업무목록!$O$2:$O$201,MATCH(ROW()-4,업무목록!$M$2:$M$201,0)),"") | F11: =IFERROR(INDEX(업무목록!$O$2:$O$201,MATCH(ROW()-4,업무목록!$N$2:$N$201,0)),"")
B12: =IFERROR(INDEX(업무목록!$O$2:$O$201,MATCH(ROW()-4,업무목록!$L$2:$L$201,0)),"") | D12: =IFERROR(INDEX(업무목록!$O$2:$O$201,MATCH(ROW()-4,업무목록!$M$2:$M$201,0)),"") | F12: =IFERROR(INDEX(업무목록!$O$2:$O$201,MATCH(ROW()-4,업무목록!$N$2:$N$201,0)),"")
B13: =IFERROR(INDEX(업무목록!$O$2:$O$201,MATCH(ROW()-4,업무목록!$L$2:$L$201,0)),"") | D13: =IFERROR(INDEX(업무목록!$O$2:$O$201,MATCH(ROW()-4,업무목록!$M$2:$M$201,0)),"") | F13: =IFERROR(INDEX(업무목록!$O$2:$O$201,MATCH(ROW()-4,업무목록!$N$2:$N$201,0)),"")
B14: =IFERROR(INDEX(업무목록!$O$2:$O$201,MATCH(ROW()-4,업무목록!$L$2:$L$201,0)),"") | D14: =IFERROR(INDEX(업무목록!$O$2:$O$201,MATCH(ROW()-4,업무목록!$M$2:$M$201,0)),"") | F14: =IFERROR(INDEX(업무목록!$O$2:$O$201,MATCH(ROW()-4,업무목록!$N$2:$N$201,0)),"")
B15: =IFERROR(INDEX(업무목록!$O$2:$O$201,MATCH(ROW()-4,업무목록!$L$2:$L$201,0)),"") | D15: =IFERROR(INDEX(업무목록!$O$2:$O$201,MATCH(ROW()-4,업무목록!$M$2:$M$201,0)),"") | F15: =IFERROR(INDEX(업무목록!$O$2:$O$201,MATCH(ROW()-4,업무목록!$N$2:$N$201,0)),"")
B16: =IFERROR(INDEX(업무목록!$O$2:$O$201,MATCH(ROW()-4,업무목록!$L$2:$L$201,0)),"") | D16: =IFERROR(INDEX(업무목록!$O$2:$O$201,MATCH(ROW()-4,업무목록!$M$2:$M$201,0)),"") | F16: =IFERROR(INDEX(업무목록!$O$2:$O$201,MATCH(ROW()-4,업무목록!$N$2:$N$201,0)),"")
... B34: =IFERROR(INDEX(업무목록!$O$2:$O$201,MATCH(ROW()-4,업무목록!$L$2:$L$201,0)),"") | D34: =IFERROR(INDEX(업무목록!$O$2:$O$201,MATCH(ROW()-4,업무목록!$M$2:$M$201,0)),"") | F34: =IFERROR(INDEX(업무목록!$O$2:$O$201,MATCH(ROW()-4,업무목록!$N$2:$N$201,0)),"")

Sheet 업무목록
A1: No. | B1: 업무명 | C1: 프로젝트 | D1: 담당자 | E1: 우선순위 | F1: 상태 | G1: 시작일 | H1: 마감일 | I1: 진행률 | J1: D-Day | K1: 메모 | L1: _todo | M1: _doing | N1: _done | O1: _card
A2: =IF($B2="","",COUNTA($B$2:$B2)) | B2: 신규 서비스 런칭 킥오프 미팅 | C2: 런칭 프로젝트 | D2: 김민준 | E2: 높음 | F2: Done | G2: 46191 | H2: 46195 | I2: 100 | J2: =IF($B2="","",IF($F2="Done","✔ 완료",IF($H2="","—",IF($H2<TODAY(),"⚠ "&(TODAY()-$H2)&"일 지연",IF($H2=TODAY(),"🔔 오늘 마감","D-"&($H2-TODAY())))))) | K2: 회의록 공유 완료 | L2: =IF(AND($B2<>"",$F2="To Do"),COUNTIFS($B$2:$B2,"<>",$F$2:$F2,"To Do"),"") | M2: =IF(AND($B2<>"",$F2="Doing"),COUNTIFS($B$2:$B2,"<>",$F$2:$F2,"Doing"),"") | N2: =IF(AND($B2<>"",$F2="Done"),COUNTIFS($B$2:$B2,"<>",$F$2:$F2,"Done"),"") | O2: =IF($B2="","",$B2&" | "&IF($D2="","담당자 미지정",$D2)&IF($H2="",""," · ~"&TEXT($H2,"m/d"))&IF($E2="높음"," 🔺","")&IF(AND($F2<>"Done",$H2<>"",$H2<TODAY())," ⚠",""))
A3: =IF($B3="","",COUNTA($B$2:$B3)) | B3: 요구사항 정의서(PRD) 작성 | C3: 런칭 프로젝트 | D3: 김민준 | E3: 높음 | F3: Done | G3: 46195 | H3: 46202 | I3: 100 | J3: =IF($B3="","",IF($F3="Done","✔ 완료",IF($H3="","—",IF($H3<TODAY(),"⚠ "&(TODAY()-$H3)&"일 지연",IF($H3=TODAY(),"🔔 오늘 마감","D-"&($H3-TODAY())))))) | K3: v1.2 확정 | L3: =IF(AND($B3<>"",$F3="To Do"),COUNTIFS($B$2:$B3,"<>",$F$2:$F3,"To Do"),"") | M3: =IF(AND($B3<>"",$F3="Doing"),COUNTIFS($B$2:$B3,"<>",$F$2:$F3,"Doing"),"") | N3: =IF(AND($B3<>"",$F3="Done"),COUNTIFS($B$2:$B3,"<>",$F$2:$F3,"Done"),"") | O3: =IF($B3="","",$B3&" | "&IF($D3="","담당자 미지정",$D3)&IF($H3="",""," · ~"&TEXT($H3,"m/d"))&IF($E3="높음"," 🔺","")&IF(AND($F3<>"Done",$H3<>"",$H3<TODAY())," ⚠",""))
A4: =IF($B4="","",COUNTA($B$2:$B4)) | B4: 와이어프레임 시안 검토 | C4: 런칭 프로젝트 | D4: 이서연 | E4: 중간 | F4: Doing | G4: 46200 | H4: 46206 | I4: 70 | J4: =IF($B4="","",IF($F4="Done","✔ 완료",IF($H4="","—",IF($H4<TODAY(),"⚠ "&(TODAY()-$H4)&"일 지연",IF($H4=TODAY(),"🔔 오늘 마감","D-"&($H4-TODAY())))))) | K4: 디자인팀 피드백 반영 중 | L4: =IF(AND($B4<>"",$F4="To Do"),COUNTIFS($B$2:$B4,"<>",$F$2:$F4,"To Do"),"") | M4: =IF(AND($B4<>"",$F4="Doing"),COUNTIFS($B$2:$B4,"<>",$F$2:$F4,"Doing"),"") | N4: =IF(AND($B4<>"",$F4="Done"),COUNTIFS($B$2:$B4,"<>",$F$2:$F4,"Done"),"") | O4: =IF($B4="","",$B4&" | "&IF($D4="","담당자 미지정",$D4)&IF($H4="",""," · ~"&TEXT($H4,"m/d"))&IF($E4="높음"," 🔺","")&IF(AND($F4<>"Done",$H4<>"",$H4<TODAY())," ⚠",""))
A5: =IF($B5="","",COUNTA($B$2:$B5)) | B5: 개발 일정 산정 및 스프린트 계획 | C5: 런칭 프로젝트 | D5: 박지훈 | E5: 높음 | F5: Doing | G5: 46202 | H5: 46208 | I5: 40 | J5: =IF($B5="","",IF($F5="Done","✔ 완료",IF($H5="","—",IF($H5<TODAY(),"⚠ "&(TODAY()-$H5)&"일 지연",IF($H5=TODAY(),"🔔 오늘 마감","D-"&($H5-TODAY())))))) | L5: =IF(AND($B5<>"",$F5="To Do"),COUNTIFS($B$2:$B5,"<>",$F$2:$F5,"To Do"),"") | M5: =IF(AND($B5<>"",$F5="Doing"),COUNTIFS($B$2:$B5,"<>",$F$2:$F5,"Doing"),"") | N5: =IF(AND($B5<>"",$F5="Done"),COUNTIFS($B$2:$B5,"<>",$F$2:$F5,"Done"),"") | O5: =IF($B5="","",$B5&" | "&IF($D5="","담당자 미지정",$D5)&IF($H5="",""," · ~"&TEXT($H5,"m/d"))&IF($E5="높음"," 🔺","")&IF(AND($F5<>"Done",$H5<>"",$H5<TODAY())," ⚠",""))
A6: =IF($B6="","",COUNTA($B$2:$B6)) | B6: 경쟁사 기능 벤치마킹 리서치 | C6: 리서치 | D6: 최수아 | E6: 낮음 | F6: Doing | G6: 46198 | H6: 46204 | I6: 80 | J6: =IF($B6="","",IF($F6="Done","✔ 완료",IF($H6="","—",IF($H6<TODAY(),"⚠ "&(TODAY()-$H6)&"일 지연",IF($H6=TODAY(),"🔔 오늘 마감","D-"&($H6-TODAY())))))) | K6: 지연 — 보고서 마무리 필요 | L6: =IF(AND($B6<>"",$F6="To Do"),COUNTIFS($B$2:$B6,"<>",$F$2:$F6,"To Do"),"") | M6: =IF(AND($B6<>"",$F6="Doing"),COUNTIFS($B$2:$B6,"<>",$F$2:$F6,"Doing"),"") | N6: =IF(AND($B6<>"",$F6="Done"),COUNTIFS($B$2:$B6,"<>",$F$2:$F6,"Done"),"") | O6: =IF($B6="","",$B6&" | "&IF($D6="","담당자 미지정",$D6)&IF($H6="",""," · ~"&TEXT($H6,"m/d"))&IF($E6="높음"," 🔺","")&IF(AND($F6<>"Done",$H6<>"",$H6<TODAY())," ⚠",""))
A7: =IF($B7="","",COUNTA($B$2:$B7)) | B7: 유저 인터뷰 대상자 모집 | C7: 리서치 | D7: 최수아 | E7: 중간 | F7: To Do | G7: 46206 | H7: 46212 | I7: 0 | J7: =IF($B7="","",IF($F7="Done","✔ 완료",IF($H7="","—",IF($H7<TODAY(),"⚠ "&(TODAY()-$H7)&"일 지연",IF($H7=TODAY(),"🔔 오늘 마감","D-"&($H7-TODAY())))))) | K7: 10명 목표 | L7: =IF(AND($B7<>"",$F7="To Do"),COUNTIFS($B$2:$B7,"<>",$F$2:$F7,"To Do"),"") | M7: =IF(AND($B7<>"",$F7="Doing"),COUNTIFS($B$2:$B7,"<>",$F$2:$F7,"Doing"),"") | N7: =IF(AND($B7<>"",$F7="Done"),COUNTIFS($B$2:$B7,"<>",$F$2:$F7,"Done"),"") | O7: =IF($B7="","",$B7&" | "&IF($D7="","담당자 미지정",$D7)&IF($H7="",""," · ~"&TEXT($H7,"m/d"))&IF($E7="높음"," 🔺","")&IF(AND($F7<>"Done",$H7<>"",$H7<TODAY())," ⚠",""))
A8: =IF($B8="","",COUNTA($B$2:$B8)) | B8: 온보딩 플로우 개선안 정리 | C8: UX 개선 | D8: 이서연 | E8: 중간 | F8: To Do | G8: 46208 | H8: 46215 | I8: 0 | J8: =IF($B8="","",IF($F8="Done","✔ 완료",IF($H8="","—",IF($H8<TODAY(),"⚠ "&(TODAY()-$H8)&"일 지연",IF($H8=TODAY(),"🔔 오늘 마감","D-"&($H8-TODAY())))))) | L8: =IF(AND($B8<>"",$F8="To Do"),COUNTIFS($B$2:$B8,"<>",$F$2:$F8,"To Do"),"") | M8: =IF(AND($B8<>"",$F8="Doing"),COUNTIFS($B$2:$B8,"<>",$F$2:$F8,"Doing"),"") | N8: =IF(AND($B8<>"",$F8="Done"),COUNTIFS($B$2:$B8,"<>",$F$2:$F8,"Done"),"") | O8: =IF($B8="","",$B8&" | "&IF($D8="","담당자 미지정",$D8)&IF($H8="",""," · ~"&TEXT($H8,"m/d"))&IF($E8="높음"," 🔺","")&IF(AND($F8<>"Done",$H8<>"",$H8<TODAY())," ⚠",""))
A9: =IF($B9="","",COUNTA($B$2:$B9)) | B9: 3분기 로드맵 경영진 보고 | C9: 운영 | D9: 김민준 | E9: 높음 | F9: To Do | G9: 46210 | H9: 46214 | I9: 0 | J9: =IF($B9="","",IF($F9="Done","✔ 완료",IF($H9="","—",IF($H9<TODAY(),"⚠ "&(TODAY()-$H9)&"일 지연",IF($H9=TODAY(),"🔔 오늘 마감","D-"&($H9-TODAY())))))) | K9: 발표자료 필요 | L9: =IF(AND($B9<>"",$F9="To Do"),COUNTIFS($B$2:$B9,"<>",$F$2:$F9,"To Do"),"") | M9: =IF(AND($B9<>"",$F9="Doing"),COUNTIFS($B$2:$B9,"<>",$F$2:$F9,"Doing"),"") | N9: =IF(AND($B9<>"",$F9="Done"),COUNTIFS($B$2:$B9,"<>",$F$2:$F9,"Done"),"") | O9: =IF($B9="","",$B9&" | "&IF($D9="","담당자 미지정",$D9)&IF($H9="",""," · ~"&TEXT($H9,"m/d"))&IF($E9="높음"," 🔺","")&IF(AND($F9<>"Done",$H9<>"",$H9<TODAY())," ⚠",""))
A10: =IF($B10="","",COUNTA($B$2:$B10)) | B10: 데이터 대시보드 지표 정의 | C10: 데이터 | D10: 박지훈 | E10: 중간 | F10: Doing | G10: 46203 | H10: 46210 | I10: 30 | J10: =IF($B10="","",IF($F10="Done","✔ 완료",IF($H10="","—",IF($H10<TODAY(),"⚠ "&(TODAY()-$H10)&"일 지연",IF($H10=TODAY(),"🔔 오늘 마감","D-"&($H10-TODAY())))))) | K10: 핵심 지표 3개 선정 | L10: =IF(AND($B10<>"",$F10="To Do"),COUNTIFS($B$2:$B10,"<>",$F$2:$F10,"To Do"),"") | M10: =IF(AND($B10<>"",$F10="Doing"),COUNTIFS($B$2:$B10,"<>",$F$2:$F10,"Doing"),"") | N10: =IF(AND($B10<>"",$F10="Done"),COUNTIFS($B$2:$B10,"<>",$F$2:$F10,"Done"),"") | O10: =IF($B10="","",$B10&" | "&IF($D10="","담당자 미지정",$D10)&IF($H10="",""," · ~"&TEXT($H10,"m/d"))&IF($E10="높음"," 🔺","")&IF(AND($F10<>"Done",$H10<>"",$H10<TODAY())," ⚠",""))
A11: =IF($B11="","",COUNTA($B$2:$B11)) | B11: 고객 문의(VOC) 월간 리포트 | C11: 운영 | D11: 정다은 | E11: 낮음 | F11: Done | G11: 46197 | H11: 46203 | I11: 100 | J11: =IF($B11="","",IF($F11="Done","✔ 완료",IF($H11="","—",IF($H11<TODAY(),"⚠ "&(TODAY()-$H11)&"일 지연",IF($H11=TODAY(),"🔔 오늘 마감","D-"&($H11-TODAY())))))) | L11: =IF(AND($B11<>"",$F11="To Do"),COUNTIFS($B$2:$B11,"<>",$F$2:$F11,"To Do"),"") | M11: =IF(AND($B11<>"",$F11="Doing"),COUNTIFS($B$2:$B11,"<>",$F$2:$F11,"Doing"),"") | N11: =IF(AND($B11<>"",$F11="Done"),COUNTIFS($B$2:$B11,"<>",$F$2:$F11,"Done"),"") | O11: =IF($B11="","",$B11&" | "&IF($D11="","담당자 미지정",$D11)&IF($H11="",""," · ~"&TEXT($H11,"m/d"))&IF($E11="높음"," 🔺","")&IF(AND($F11<>"Done",$H11<>"",$H11<TODAY())," ⚠",""))
A12: =IF($B12="","",COUNTA($B$2:$B12)) | B12: A/B 테스트 결과 분석 및 공유 | C12: 데이터 | D12: 정다은 | E12: 중간 | F12: To Do | G12: 46207 | H12: 46213 | I12: 0 | J12: =IF($B12="","",IF($F12="Done","✔ 완료",IF($H12="","—",IF($H12<TODAY(),"⚠ "&(TODAY()-$H12)&"일 지연",IF($H12=TODAY(),"🔔 오늘 마감","D-"&($H12-TODAY())))))) | L12: =IF(AND($B12<>"",$F12="To Do"),COUNTIFS($B$2:$B12,"<>",$F$2:$F12,"To Do"),"") | M12: =IF(AND($B12<>"",$F12="Doing"),COUNTIFS($B$2:$B12,"<>",$F$2:$F12,"Doing"),"") | N12: =IF(AND($B12<>"",$F12="Done"),COUNTIFS($B$2:$B12,"<>",$F$2:$F12,"Done"),"") | O12: =IF($B12="","",$B12&" | "&IF($D12="","담당자 미지정",$D12)&IF($H12="",""," · ~"&TEXT($H12,"m/d"))&IF($E12="높음"," 🔺","")&IF(AND($F12<>"Done",$H12<>"",$H12<TODAY())," ⚠",""))
A13: =IF($B13="","",COUNTA($B$2:$B13)) | B13: 개인정보 처리방침 개정 검토 | C13: 운영 | D13: 최수아 | E13: 높음 | F13: To Do | G13: 46205 | H13: 46211 | I13: 0 | J13: =IF($B13="","",IF($F13="Done","✔ 완료",IF($H13="","—",IF($H13<TODAY(),"⚠ "&(TODAY()-$H13)&"일 지연",IF($H13=TODAY(),"🔔 오늘 마감","D-"&($H13-TODAY())))))) | K13: 법무 검토 병행 | L13: =IF(AND($B13<>"",$F13="To Do"),COUNTIFS($B$2:$B13,"<>",$F$2:$F13,"To Do"),"") | M13: =IF(AND($B13<>"",$F13="Doing"),COUNTIFS($B$2:$B13,"<>",$F$2:$F13,"Doing"),"") | N13: =IF(AND($B13<>"",$F13="Done"),COUNTIFS($B$2:$B13,"<>",$F$2:$F13,"Done"),"") | O13: =IF($B13="","",$B13&" | "&IF($D13="","담당자 미지정",$D13)&IF($H13="",""," · ~"&TEXT($H13,"m/d"))&IF($E13="높음"," 🔺","")&IF(AND($F13<>"Done",$H13<>"",$H13<TODAY())," ⚠",""))
A14: =IF($B14="","",COUNTA($B$2:$B14)) | J14: =IF($B14="","",IF($F14="Done","✔ 완료",IF($H14="","—",IF($H14<TODAY(),"⚠ "&(TODAY()-$H14)&"일 지연",IF($H14=TODAY(),"🔔 오늘 마감","D-"&($H14-TODAY())))))) | L14: =IF(AND($B14<>"",$F14="To Do"),COUNTIFS($B$2:$B14,"<>",$F$2:$F14,"To Do"),"") | M14: =IF(AND($B14<>"",$F14="Doing"),COUNTIFS($B$2:$B14,"<>",$F$2:$F14,"Doing"),"") | N14: =IF(AND($B14<>"",$F14="Done"),COUNTIFS($B$2:$B14,"<>",$F$2:$F14,"Done"),"") | O14: =IF($B14="","",$B14&" | "&IF($D14="","담당자 미지정",$D14)&IF($H14="",""," · ~"&TEXT($H14,"m/d"))&IF($E14="높음"," 🔺","")&IF(AND($F14<>"Done",$H14<>"",$H14<TODAY())," ⚠",""))
A15: =IF($B15="","",COUNTA($B$2:$B15)) | J15: =IF($B15="","",IF($F15="Done","✔ 완료",IF($H15="","—",IF($H15<TODAY(),"⚠ "&(TODAY()-$H15)&"일 지연",IF($H15=TODAY(),"🔔 오늘 마감","D-"&($H15-TODAY())))))) | L15: =IF(AND($B15<>"",$F15="To Do"),COUNTIFS($B$2:$B15,"<>",$F$2:$F15,"To Do"),"") | M15: =IF(AND($B15<>"",$F15="Doing"),COUNTIFS($B$2:$B15,"<>",$F$2:$F15,"Doing"),"") | N15: =IF(AND($B15<>"",$F15="Done"),COUNTIFS($B$2:$B15,"<>",$F$2:$F15,"Done"),"") | O15: =IF($B15="","",$B15&" | "&IF($D15="","담당자 미지정",$D15)&IF($H15="",""," · ~"&TEXT($H15,"m/d"))&IF($E15="높음"," 🔺","")&IF(AND($F15<>"Done",$H15<>"",$H15<TODAY())," ⚠",""))
A16: =IF($B16="","",COUNTA($B$2:$B16)) | J16: =IF($B16="","",IF($F16="Done","✔ 완료",IF($H16="","—",IF($H16<TODAY(),"⚠ "&(TODAY()-$H16)&"일 지연",IF($H16=TODAY(),"🔔 오늘 마감","D-"&($H16-TODAY())))))) | L16: =IF(AND($B16<>"",$F16="To Do"),COUNTIFS($B$2:$B16,"<>",$F$2:$F16,"To Do"),"") | M16: =IF(AND($B16<>"",$F16="Doing"),COUNTIFS($B$2:$B16,"<>",$F$2:$F16,"Doing"),"") | N16: =IF(AND($B16<>"",$F16="Done"),COUNTIFS($B$2:$B16,"<>",$F$2:$F16,"Done"),"") | O16: =IF($B16="","",$B16&" | "&IF($D16="","담당자 미지정",$D16)&IF($H16="",""," · ~"&TEXT($H16,"m/d"))&IF($E16="높음"," 🔺","")&IF(AND($F16<>"Done",$H16<>"",$H16<TODAY())," ⚠",""))
A17: =IF($B17="","",COUNTA($B$2:$B17)) | J17: =IF($B17="","",IF($F17="Done","✔ 완료",IF($H17="","—",IF($H17<TODAY(),"⚠ "&(TODAY()-$H17)&"일 지연",IF($H17=TODAY(),"🔔 오늘 마감","D-"&($H17-TODAY())))))) | L17: =IF(AND($B17<>"",$F17="To Do"),COUNTIFS($B$2:$B17,"<>",$F$2:$F17,"To Do"),"") | M17: =IF(AND($B17<>"",$F17="Doing"),COUNTIFS($B$2:$B17,"<>",$F$2:$F17,"Doing"),"") | N17: =IF(AND($B17<>"",$F17="Done"),COUNTIFS($B$2:$B17,"<>",$F$2:$F17,"Done"),"") | O17: =IF($B17="","",$B17&" | "&IF($D17="","담당자 미지정",$D17)&IF($H17="",""," · ~"&TEXT($H17,"m/d"))&IF($E17="높음"," 🔺","")&IF(AND($F17<>"Done",$H17<>"",$H17<TODAY())," ⚠",""))
A18: =IF($B18="","",COUNTA($B$2:$B18)) | J18: =IF($B18="","",IF($F18="Done","✔ 완료",IF($H18="","—",IF($H18<TODAY(),"⚠ "&(TODAY()-$H18)&"일 지연",IF($H18=TODAY(),"🔔 오늘 마감","D-"&($H18-TODAY())))))) | L18: =IF(AND($B18<>"",$F18="To Do"),COUNTIFS($B$2:$B18,"<>",$F$2:$F18,"To Do"),"") | M18: =IF(AND($B18<>"",$F18="Doing"),COUNTIFS($B$2:$B18,"<>",$F$2:$F18,"Doing"),"") | N18: =IF(AND($B18<>"",$F18="Done"),COUNTIFS($B$2:$B18,"<>",$F$2:$F18,"Done"),"") | O18: =IF($B18="","",$B18&" | "&IF($D18="","담당자 미지정",$D18)&IF($H18="",""," · ~"&TEXT($H18,"m/d"))&IF($E18="높음"," 🔺","")&IF(AND($F18<>"Done",$H18<>"",$H18<TODAY())," ⚠",""))
A19: =IF($B19="","",COUNTA($B$2:$B19)) | J19: =IF($B19="","",IF($F19="Done","✔ 완료",IF($H19="","—",IF($H19<TODAY(),"⚠ "&(TODAY()-$H19)&"일 지연",IF($H19=TODAY(),"🔔 오늘 마감","D-"&($H19-TODAY())))))) | L19: =IF(AND($B19<>"",$F19="To Do"),COUNTIFS($B$2:$B19,"<>",$F$2:$F19,"To Do"),"") | M19: =IF(AND($B19<>"",$F19="Doing"),COUNTIFS($B$2:$B19,"<>",$F$2:$F19,"Doing"),"") | N19: =IF(AND($B19<>"",$F19="Done"),COUNTIFS($B$2:$B19,"<>",$F$2:$F19,"Done"),"") | O19: =IF($B19="","",$B19&" | "&IF($D19="","담당자 미지정",$D19)&IF($H19="",""," · ~"&TEXT($H19,"m/d"))&IF($E19="높음"," 🔺","")&IF(AND($F19<>"Done",$H19<>"",$H19<TODAY())," ⚠",""))
A20: =IF($B20="","",COUNTA($B$2:$B20)) | J20: =IF($B20="","",IF($F20="Done","✔ 완료",IF($H20="","—",IF($H20<TODAY(),"⚠ "&(TODAY()-$H20)&"일 지연",IF($H20=TODAY(),"🔔 오늘 마감","D-"&($H20-TODAY())))))) | L20: =IF(AND($B20<>"",$F20="To Do"),COUNTIFS($B$2:$B20,"<>",$F$2:$F20,"To Do"),"") | M20: =IF(AND($B20<>"",$F20="Doing"),COUNTIFS($B$2:$B20,"<>",$F$2:$F20,"Doing"),"") | N20: =IF(AND($B20<>"",$F20="Done"),COUNTIFS($B$2:$B20,"<>",$F$2:$F20,"Done"),"") | O20: =IF($B20="","",$B20&" | "&IF($D20="","담당자 미지정",$D20)&IF($H20="",""," · ~"&TEXT($H20,"m/d"))&IF($E20="높음"," 🔺","")&IF(AND($F20<>"Done",$H20<>"",$H20<TODAY())," ⚠",""))
A21: =IF($B21="","",COUNTA($B$2:$B21)) | J21: =IF($B21="","",IF($F21="Done","✔ 완료",IF($H21="","—",IF($H21<TODAY(),"⚠ "&(TODAY()-$H21)&"일 지연",IF($H21=TODAY(),"🔔 오늘 마감","D-"&($H21-TODAY())))))) | L21: =IF(AND($B21<>"",$F21="To Do"),COUNTIFS($B$2:$B21,"<>",$F$2:$F21,"To Do"),"") | M21: =IF(AND($B21<>"",$F21="Doing"),COUNTIFS($B$2:$B21,"<>",$F$2:$F21,"Doing"),"") | N21: =IF(AND($B21<>"",$F21="Done"),COUNTIFS($B$2:$B21,"<>",$F$2:$F21,"Done"),"") | O21: =IF($B21="","",$B21&" | "&IF($D21="","담당자 미지정",$D21)&IF($H21="",""," · ~"&TEXT($H21,"m/d"))&IF($E21="높음"," 🔺","")&IF(AND($F21<>"Done",$H21<>"",$H21<TODAY())," ⚠",""))
A22: =IF($B22="","",COUNTA($B$2:$B22)) | J22: =IF($B22="","",IF($F22="Done","✔ 완료",IF($H22="","—",IF($H22<TODAY(),"⚠ "&(TODAY()-$H22)&"일 지연",IF($H22=TODAY(),"🔔 오늘 마감","D-"&($H22-TODAY())))))) | L22: =IF(AND($B22<>"",$F22="To Do"),COUNTIFS($B$2:$B22,"<>",$F$2:$F22,"To Do"),"") | M22: =IF(AND($B22<>"",$F22="Doing"),COUNTIFS($B$2:$B22,"<>",$F$2:$F22,"Doing"),"") | N22: =IF(AND($B22<>"",$F22="Done"),COUNTIFS($B$2:$B22,"<>",$F$2:$F22,"Done"),"") | O22: =IF($B22="","",$B22&" | "&IF($D22="","담당자 미지정",$D22)&IF($H22="",""," · ~"&TEXT($H22,"m/d"))&IF($E22="높음"," 🔺","")&IF(AND($F22<>"Done",$H22<>"",$H22<TODAY())," ⚠",""))
A23: =IF($B23="","",COUNTA($B$2:$B23)) | J23: =IF($B23="","",IF($F23="Done","✔ 완료",IF($H23="","—",IF($H23<TODAY(),"⚠ "&(TODAY()-$H23)&"일 지연",IF($H23=TODAY(),"🔔 오늘 마감","D-"&($H23-TODAY())))))) | L23: =IF(AND($B23<>"",$F23="To Do"),COUNTIFS($B$2:$B23,"<>",$F$2:$F23,"To Do"),"") | M23: =IF(AND($B23<>"",$F23="Doing"),COUNTIFS($B$2:$B23,"<>",$F$2:$F23,"Doing"),"") | N23: =IF(AND($B23<>"",$F23="Done"),COUNTIFS($B$2:$B23,"<>",$F$2:$F23,"Done"),"") | O23: =IF($B23="","",$B23&" | "&IF($D23="","담당자 미지정",$D23)&IF($H23="",""," · ~"&TEXT($H23,"m/d"))&IF($E23="높음"," 🔺","")&IF(AND($F23<>"Done",$H23<>"",$H23<TODAY())," ⚠",""))
A24: =IF($B24="","",COUNTA($B$2:$B24)) | J24: =IF($B24="","",IF($F24="Done","✔ 완료",IF($H24="","—",IF($H24<TODAY(),"⚠ "&(TODAY()-$H24)&"일 지연",IF($H24=TODAY(),"🔔 오늘 마감","D-"&($H24-TODAY())))))) | L24: =IF(AND($B24<>"",$F24="To Do"),COUNTIFS($B$2:$B24,"<>",$F$2:$F24,"To Do"),"") | M24: =IF(AND($B24<>"",$F24="Doing"),COUNTIFS($B$2:$B24,"<>",$F$2:$F24,"Doing"),"") | N24: =IF(AND($B24<>"",$F24="Done"),COUNTIFS($B$2:$B24,"<>",$F$2:$F24,"Done"),"") | O24: =IF($B24="","",$B24&" | "&IF($D24="","담당자 미지정",$D24)&IF($H24="",""," · ~"&TEXT($H24,"m/d"))&IF($E24="높음"," 🔺","")&IF(AND($F24<>"Done",$H24<>"",$H24<TODAY())," ⚠",""))
A25: =IF($B25="","",COUNTA($B$2:$B25)) | J25: =IF($B25="","",IF($F25="Done","✔ 완료",IF($H25="","—",IF($H25<TODAY(),"⚠ "&(TODAY()-$H25)&"일 지연",IF($H25=TODAY(),"🔔 오늘 마감","D-"&($H25-TODAY())))))) | L25: =IF(AND($B25<>"",$F25="To Do"),COUNTIFS($B$2:$B25,"<>",$F$2:$F25,"To Do"),"") | M25: =IF(AND($B25<>"",$F25="Doing"),COUNTIFS($B$2:$B25,"<>",$F$2:$F25,"Doing"),"") | N25: =IF(AND($B25<>"",$F25="Done"),COUNTIFS($B$2:$B25,"<>",$F$2:$F25,"Done"),"") | O25: =IF($B25="","",$B25&" | "&IF($D25="","담당자 미지정",$D25)&IF($H25="",""," · ~"&TEXT($H25,"m/d"))&IF($E25="높음"," 🔺","")&IF(AND($F25<>"Done",$H25<>"",$H25<TODAY())," ⚠",""))
... A201: =IF($B201="","",COUNTA($B$2:$B201)) | J201: =IF($B201="","",IF($F201="Done","✔ 완료",IF($H201="","—",IF($H201<TODAY(),"⚠ "&(TODAY()-$H201)&"일 지연",IF($H201=TODAY(),"🔔 오늘 마감","D-"&($H201-TODAY())))))) | L201: =IF(AND($B201<>"",$F201="To Do"),COUNTIFS($B$2:$B201,"<>",$F$2:$F201,"To Do"),"") | M201: =IF(AND($B201<>"",$F201="Doing"),COUNTIFS($B$2:$B201,"<>",$F$2:$F201,"Doing"),"") | N201: =IF(AND($B201<>"",$F201="Done"),COUNTIFS($B$2:$B201,"<>",$F$2:$F201,"Done"),"") | O201: =IF($B201="","",$B201&" | "&IF($D201="","담당자 미지정",$D201)&IF($H201="",""," · ~"&TEXT($H201,"m/d"))&IF($E201="높음"," 🔺","")&IF(AND($F201<>"Done",$H201<>"",$H201<TODAY())," ⚠",""))

Sheet 설정
A1: ⚙️ 설정 — 드롭다운 목록 관리
A2: 담당자만 수정하세요. 상태/우선순위는 수식과 연결되어 있어 바꾸면 안 됩니다.
A3: 상태 (변경 금지) | B3: 우선순위 (변경 금지) | C3: 담당자 (자유롭게 수정)
A4: To Do | B4: 높음 | C4: 김민준
A5: Doing | B5: 중간 | C5: 이서연
A6: Done | B6: 낮음 | C6: 박지훈
C7: 최수아
C8: 정다은
A16: ※ 담당자는 최대 10명까지(C4~C13). 이름을 바꾸면 업무목록 드롭다운과 대시보드에 바로 반영됩니다.
